date,unit_sales,split,lag_1,lag_7,lag_14,lag_30,roll_mean_7,roll_mean_14,roll_mean_28,roll_std_7,roll_std_14,roll_std_28,day_of_week,month,week,is_weekend,dcoilwtico,oil_lag_1,oil_lag_7,is_national_holiday,store_open
2013-02-01,401.0,train,282.0,389.0,60.0,582.0,454.57142857142856,497.07142857142856,526.1785714285714,154.05935776279742,253.1777922833961,242.3283743297326,4,2,5,0,97.46,97.65,95.15,0,1
2013-02-02,775.0,train,401.0,697.0,667.0,310.0,456.2857142857143,521.4285714285714,528.4285714285714,153.27286592404843,222.43052996236966,240.8041202692021,5,2,5,1,97.46,97.46,95.15,0,1
2013-02-03,855.0,train,775.0,616.0,1090.0,338.0,467.42857142857144,529.1428571428571,532.75,174.9865300938493,229.62405969586194,244.20280354504382,6,2,5,1,97.46,97.46,95.15,0,1
2013-02-04,411.0,train,855.0,318.0,760.0,654.0,501.57142857142856,512.3571428571429,528.3214285714286,224.98137489049842,190.77397304456588,236.82327425215882,0,2,6,0,96.21,97.46,95.95,0,1
2013-02-05,272.0,train,411.0,393.0,461.0,979.0,514.8571428571429,487.42857142857144,523.6785714285714,214.8522194218066,178.32067669303993,237.83764359115804,1,2,6,0,96.68,96.21,97.62,0,1
2013-02-06,461.0,train,272.0,487.0,413.0,541.0,497.57142857142856,473.92857142857144,517.8928571428571,230.58176940285696,187.39857329959904,242.03341356189497,2,2,6,0,96.44,96.68,97.98,0,1
2013-02-07,397.0,train,461.0,282.0,326.0,434.0,493.85714285714283,477.35714285714283,513.1785714285714,230.98948646452024,186.63564139081944,241.80173291837272,3,2,6,0,95.84,96.44,97.65,0,1
2013-02-08,226.0,train,397.0,401.0,389.0,593.0,510.2857142857143,482.42857142857144,502.35714285714283,217.08117858358432,183.1383311916112,239.90387184217713,4,2,6,0,95.71,95.84,97.46,0,1
2013-02-09,377.0,train,226.0,775.0,697.0,700.0,485.2857142857143,470.7857142857143,484.5,240.57065094320632,194.37164187410437,241.24545668337547,5,2,6,1,95.71,95.71,97.46,0,1
2013-02-10,356.0,train,377.0,855.0,616.0,726.0,428.42857142857144,447.92857142857144,475.42857142857144,205.10473515000146,184.276741837969,240.30635209486843,6,2,6,1,95.71,95.71,97.46,0,1
2013-02-11,407.0,train,356.0,411.0,318.0,631.0,357.14285714285717,429.35714285714283,463.89285714285717,81.77087617529844,179.063206349411,237.91289088822757,0,2,7,0,97.01,95.71,96.21,1,1
2013-02-12,469.0,train,407.0,272.0,393.0,679.0,356.57142857142856,435.7142857142857,454.0357142857143,81.34465182759209,176.36519304749788,234.18708604413115,1,2,7,0,97.48,97.01,96.68,1,1
2013-02-13,277.0,train,469.0,461.0,487.0,683.0,384.7142857142857,441.14285714285717,451.25,81.28696961119446,176.11877860076154,233.50321196934323,2,2,7,0,97.03,97.48,96.44,0,1
2013-02-14,280.0,train,277.0,397.0,282.0,547.0,358.42857142857144,426.14285714285717,451.67857142857144,82.251356914555,180.79348913687568,233.15946753582048,3,2,7,0,97.3,97.03,95.84,0,1
2013-02-15,304.0,train,280.0,226.0,401.0,265.0,341.7142857142857,426.0,461.5357142857143,84.9504056998624,180.91689549879786,218.93233897169938,4,2,7,0,95.95,97.3,95.71,0,1
2013-02-16,576.0,train,304.0,377.0,775.0,4.0,352.85714285714283,419.07142857142856,470.25,71.25407256531133,183.78267445156874,206.8822576213788,5,2,7,1,95.95,95.95,95.71,0,1
2013-02-17,395.0,train,576.0,356.0,855.0,60.0,381.2857142857143,404.85714285714283,467.0,111.06711827496282,160.33659649569722,204.37655877760983,6,2,7,1,95.95,95.95,95.71,0,1
2013-02-18,417.0,train,395.0,407.0,411.0,667.0,386.85714285714283,372.0,442.17857142857144,110.56435316355817,94.68815213027432,164.15756964562348,0,2,8,0,95.95,95.95,97.01,0,1
2013-02-19,244.0,train,417.0,469.0,272.0,1090.0,388.2857142857143,372.42857142857144,429.92857142857144,110.9319825925084,94.89160965236813,151.90272924947467,1,2,8,0,96.69,95.95,97.48,0,1
2013-02-20,339.0,train,244.0,277.0,461.0,760.0,356.14285714285717,370.42857142857144,422.17857142857144,116.12267733081245,97.43219676797185,155.74576947382798,2,2,8,0,94.92,96.69,97.03,0,1
2013-02-21,457.0,train,339.0,280.0,397.0,461.0,365.0,361.7142857142857,419.5357142857143,111.34630662936155,94.10749056382063,156.53315401817713,3,2,8,0,92.79,94.92,97.3,0,1
2013-02-22,186.0,train,457.0,304.0,226.0,413.0,390.2857142857143,366.0,424.2142857142857,108.89706804396187,97.15491198635681,155.58881163785,4,2,8,0,93.12,92.79,95.95,0,1
2013-02-23,497.0,train,186.0,576.0,377.0,326.0,373.42857142857144,363.14285714285717,416.9642857142857,131.3073457488912,102.05342276916002,161.89239273479433,5,2,8,1,93.12,93.12,95.95,0,1
2013-02-24,509.0,train,497.0,395.0,356.0,389.0,362.14285714285717,371.7142857142857,409.82142857142856,113.1318236563405,108.16328722490142,153.26134869983062,6,2,8,1,93.12,93.12,95.95,0,1
2013-02-25,441.0,train,509.0,417.0,407.0,697.0,378.42857142857144,382.64285714285717,406.0,126.1108733652741,114.02402388083775,149.21051497055376,0,2,9,0,92.74,93.12,95.95,0,1
2013-02-26,550.0,train,441.0,244.0,469.0,616.0,381.85714285714283,385.07142857142856,410.39285714285717,127.65112425595532,114.94109815012156,148.33179506960568,1,2,9,0,92.63,92.74,96.69,0,1
2013-02-27,388.0,train,550.0,339.0,277.0,318.0,425.57142857142856,390.85714285714283,416.0,124.93979502525306,121.35064079755766,150.60003443017678,2,2,9,0,92.84,92.63,94.92,0,1
2013-02-28,316.0,train,388.0,457.0,280.0,393.0,432.57142857142856,398.7857142857143,412.4642857142857,120.57757826790294,116.88335972335682,150.03246121419684,3,2,9,0,92.03,92.84,92.79,0,1
2013-03-01,305.0,train,316.0,186.0,304.0,487.0,412.42857142857144,401.35714285714283,413.67857142857144,127.40075502504777,114.43950847019988,149.0719571639766,4,3,9,0,90.71,92.03,93.12,0,1
2013-03-02,627.0,train,305.0,497.0,576.0,282.0,429.42857142857144,401.42857142857144,410.25,96.29270852087186,114.3743612244211,150.4717581475011,5,3,9,1,90.71,90.71,93.12,0,1
2013-03-03,853.0,train,627.0,509.0,395.0,401.0,448.0,405.07142857142856,404.9642857142857,120.89113560003712,120.98344723760503,139.37465685534454,6,3,9,1,90.71,90.71,93.12,0,1
2013-03-04,554.0,train,853.0,441.0,417.0,775.0,497.14285714285717,437.7857142857143,404.89285714285717,196.25105398564395,170.03084723363847,139.13578214469467,0,3,10,0,90.13,90.71,92.74,0,1
2013-03-05,487.0,train,554.0,550.0,244.0,855.0,513.2857142857143,447.57142857142856,410.0,195.50934699370444,172.66450986532487,141.96400169683102,1,3,10,0,90.88,90.13,92.63,0,1
2013-03-06,458.0,train,487.0,388.0,339.0,411.0,504.2857142857143,464.92857142857144,417.67857142857144,194.98693484924755,162.54346840423653,140.02461518298458,2,3,10,0,90.47,90.88,92.84,0,1
2013-03-07,566.0,train,458.0,316.0,457.0,272.0,514.2857142857143,473.42857142857144,417.57142857142856,189.75397605470985,158.5131464024909,139.9913829547639,3,3,10,0,91.53,90.47,92.03,0,1
2013-03-08,361.0,train,566.0,305.0,186.0,461.0,550.0,481.2142857142857,423.60714285714283,168.55661758985715,160.31084159864508,142.68881948614356,4,3,10,0,92.01,91.53,90.71,0,1
2013-03-09,549.0,train,361.0,627.0,497.0,397.0,558.0,493.7142857142857,428.42857142857144,155.83966119059684,141.2054850598551,137.96709982789628,5,3,10,1,92.01,92.01,90.71,0,1
2013-03-10,591.0,train,549.0,853.0,509.0,226.0,546.8571428571429,497.42857142857144,434.57142857142856,152.8435240929195,141.98034223940138,139.41396618794698,6,3,10,1,92.01,92.01,90.71,0,1
2013-03-11,296.0,train,591.0,554.0,441.0,377.0,509.42857142857144,503.2857142857143,442.9642857142857,80.1932190459539,144.16893326469915,141.56571099351913,0,3,11,0,92.07,92.01,90.13,0,1
2013-03-12,213.0,train,296.0,487.0,550.0,356.0,472.57142857142856,492.92857142857144,439.0,110.03159719349846,153.86980724761284,144.14087759061496,1,3,11,0,92.44,92.07,90.88,0,1
2013-03-13,620.0,train,213.0,458.0,388.0,407.0,433.42857142857144,468.85714285714283,429.85714285714283,146.67748877822248,169.79120985803377,150.16083088567132,2,3,11,0,92.47,92.44,90.47,0,1
2013-03-14,388.0,train,620.0,566.0,316.0,469.0,456.57142857142856,485.42857142857144,442.10714285714283,163.06528052987125,172.5909857195569,151.2161414286566,3,3,11,0,93.03,92.47,91.53,0,1
2013-03-15,240.0,train,388.0,361.0,305.0,277.0,431.14285714285717,490.57142857142856,445.9642857142857,156.91975504635923,168.17011272276284,148.27688867212504,4,3,11,0,93.49,93.03,92.01,0,1
2013-03-16,779.0,train,240.0,549.0,627.0,280.0,413.85714285714283,485.92857142857144,443.67857142857144,171.88506680475774,174.4668645135424,151.01436124285448,5,3,11,1,93.49,93.49,92.01,0,1
2013-03-17,695.0,train,779.0,591.0,853.0,304.0,446.7142857142857,496.7857142857143,450.92857142857144,217.85906322338602,188.11664898773202,162.07038447480025,6,3,11,1,93.49,93.49,92.01,0,1
2013-03-18,465.0,train,695.0,296.0,554.0,576.0,461.57142857142856,485.5,461.64285714285717,232.39969674597026,168.8557645766622,168.0423699405544,0,3,12,0,93.71,93.49,92.07,0,1
2013-03-19,418.0,train,465.0,213.0,487.0,395.0,485.7142857142857,479.14285714285717,463.35714285714283,220.8224885028048,167.75020676032506,167.81475993128166,1,3,12,0,92.44,93.71,92.44,0,1
2013-03-20,522.0,train,418.0,620.0,458.0,417.0,515.0,474.2142857142857,469.57142857142856,190.08068462278493,168.5134911610837,162.52941125780762,2,3,12,0,93.21,92.44,92.47,0,1
2013-03-21,241.0,train,522.0,388.0,566.0,244.0,501.0,478.7857142857143,476.10714285714283,184.5878291401321,168.90742961817787,160.75408854560132,3,3,12,0,92.46,93.21,93.03,0,1
2013-03-22,353.0,train,241.0,240.0,361.0,339.0,480.0,455.57142857142856,468.39285714285717,206.63171747499604,178.08326241297428,166.77492912343578,4,3,12,0,93.41,92.46,93.49,0,1
2013-03-23,544.0,train,353.0,779.0,549.0,457.0,496.14285714285717,455.0,474.35714285714283,188.36350369381395,178.42257532222567,159.111936904836,5,3,12,1,93.41,93.41,93.49,0,1
2013-03-24,529.0,train,544.0,695.0,591.0,186.0,462.57142857142856,454.64285714285717,476.0357142857143,145.64666965280145,178.22483947697447,159.60680439938034,6,3,12,1,93.41,93.41,93.49,0,1
2013-03-25,413.0,train,529.0,465.0,296.0,497.0,438.85714285714283,450.2142857142857,476.75,110.85339954406473,175.32263822030336,159.80442329204706,0,3,13,0,94.55,93.41,93.71,0,1
2013-03-26,300.0,train,413.0,418.0,213.0,509.0,431.42857142857144,458.57142857142856,475.75,110.5514316850709,170.11747718549074,160.12370796309926,1,3,13,0,95.99,94.55,92.44,0,1
2013-03-27,353.0,train,300.0,522.0,620.0,441.0,414.57142857142856,464.7857142857143,466.82142857142856,121.4040871674105,161.84473973601894,162.77820710707792,2,3,13,0,96.53,95.99,93.21,0,1
2013-03-28,594.0,train,353.0,241.0,388.0,550.0,390.42857142857144,445.7142857142857,465.57142857142856,112.99241441037317,157.82923029041814,163.53851705591137,3,3,13,0,97.24,96.53,92.46,0,1
2013-03-29,575.0,train,594.0,353.0,240.0,388.0,440.85714285714283,460.42857142857144,475.5,113.95529616393169,161.59241903662996,162.55745423057652,4,3,13,0,97.24,97.24,93.41,0,1
2013-03-30,577.0,train,575.0,544.0,779.0,316.0,472.57142857142856,484.35714285714283,485.14285714285717,116.29682876567308,150.8894690431768,160.05779379492085,5,3,13,1,97.24,97.24,93.41,0,1
2013-03-31,643.0,train,577.0,529.0,695.0,305.0,477.2857142857143,469.92857142857144,483.35714285714283,120.27567540961059,128.55197349753064,158.68959084762395,6,3,13,1,97.24,97.24,93.41,0,1
2013-04-01,431.0,train,643.0,413.0,465.0,627.0,493.57142857142856,466.2142857142857,475.85714285714283,135.2329559721014,122.14000703570164,144.93925018222737,0,4,14,0,97.1,97.24,94.55,0,1
2013-04-02,527.0,train,431.0,300.0,418.0,853.0,496.14285714285717,463.7857142857143,471.4642857142857,133.60692169124118,122.50348727936002,144.3459019785095,1,4,14,0,97.23,97.1,95.99,0,1
2013-04-03,463.0,train,527.0,353.0,522.0,554.0,528.5714285714286,471.57142857142856,472.89285714285717,101.83623641719596,122.83304133642534,144.70284731533127,2,4,14,0,95.02,97.23,96.53,0,1
2013-04-04,305.0,train,463.0,594.0,241.0,487.0,544.2857142857143,467.35714285714283,473.07142857142856,75.24341451962049,121.97894341796278,144.686872263143,3,4,14,0,93.26,95.02,97.24,0,1
2013-04-05,415.0,train,305.0,575.0,353.0,458.0,503.0,471.92857142857144,463.75,113.15476127852486,113.76592993153419,146.86920989375162,4,4,14,0,92.76,93.26,97.24,0,1
2013-04-06,972.0,train,415.0,577.0,544.0,566.0,480.14285714285717,476.35714285714283,465.67857142857144,112.3438598996081,109.92207529592305,145.820806718238,5,4,14,1,92.76,92.76,97.24,0,1
2013-04-07,936.0,train,972.0,643.0,529.0,361.0,536.5714285714286,506.92857142857144,480.7857142857143,218.31922891556235,172.10884940628713,173.9677188324525,6,4,14,1,92.76,92.76,97.24,0,1
2013-04-08,369.0,train,936.0,431.0,413.0,549.0,578.4285714285714,536.0,493.10714285714283,265.1828659264252,206.96748165240467,193.21554635819916,0,4,15,0,93.36,92.76,97.1,0,1
2013-04-09,458.0,train,369.0,527.0,300.0,591.0,569.5714285714286,532.8571428571429,495.7142857142857,271.8785618266957,209.29987950412098,190.93645581378695,1,4,15,0,94.18,93.36,97.23,0,1
2013-04-10,386.0,train,458.0,463.0,353.0,296.0,559.7142857142857,544.1428571428571,504.4642857142857,274.9131464576369,199.82332856141358,182.9473678903019,2,4,15,0,94.59,94.18,95.02,0,1
2013-04-11,235.0,train,386.0,305.0,594.0,213.0,548.7142857142857,546.5,496.10714285714283,280.90313531281816,197.57715143515657,182.81874028376262,3,4,15,0,93.44,94.59,93.26,0,1
2013-04-12,358.0,train,235.0,415.0,575.0,620.0,538.7142857142857,520.8571428571429,490.64285714285717,292.0500609403088,213.58617685855734,188.37181795306284,4,4,15,0,91.23,93.44,92.76,0,1
2013-04-13,789.0,train,358.0,972.0,577.0,388.0,530.5714285714286,505.35714285714283,494.85714285714283,296.82983741691527,217.19810423554912,183.8217160196894,5,4,15,1,91.23,91.23,92.76,0,1
2013-04-14,506.0,train,789.0,936.0,643.0,240.0,504.42857142857144,520.5,495.2142857142857,256.8364311793643,229.61263366474748,184.40301217569888,6,4,15,1,91.23,91.23,92.76,0,1
2013-04-15,413.0,train,506.0,369.0,431.0,779.0,443.0,510.7142857142857,488.4642857142857,174.70165044059118,226.89354622527566,180.23102091335704,0,4,16,0,88.75,91.23,93.36,0,1
2013-04-16,372.0,train,413.0,458.0,527.0,695.0,449.2857142857143,509.42857142857144,486.60714285714283,172.37141515316458,227.43036610921465,180.74892331746634,1,4,16,0,88.73,88.75,94.18,0,1
2013-04-17,400.0,train,372.0,386.0,463.0,465.0,437.0,498.35714285714283,484.9642857142857,174.695926302437,230.2642652869347,181.6026354317779,2,4,16,0,86.65,88.73,94.59,0,1
2013-04-18,283.0,train,400.0,235.0,305.0,418.0,439.0,493.85714285714283,480.60714285714283,174.09384442497242,231.61999951606973,182.1438868110746,3,4,16,0,87.83,86.65,93.44,0,1
2013-04-19,376.0,train,283.0,358.0,415.0,522.0,445.85714285714283,492.2857142857143,482.10714285714283,165.4503234321691,233.06995601236196,180.26078624648542,4,4,16,0,88.04,87.83,91.23,0,1
2013-04-20,647.0,train,376.0,789.0,972.0,241.0,448.42857142857144,489.5,482.92857142857144,163.99070821528952,234.2946041599368,179.70220810519731,5,4,16,1,88.04,88.04,91.23,0,1
2013-04-21,683.0,train,647.0,506.0,936.0,353.0,428.14285714285717,466.2857142857143,486.60714285714283,116.84666386826228,195.73861242893366,182.03771267509072,6,4,16,1,88.04,88.04,91.23,0,1
2013-04-22,408.0,train,683.0,413.0,369.0,544.0,453.42857142857144,448.2142857142857,492.10714285714283,150.73913133053927,156.85327713965825,185.65646077788804,0,4,17,0,88.81,88.04,88.75,0,1
2013-04-23,400.0,train,408.0,372.0,458.0,529.0,452.7142857142857,451.0,491.92857142857144,150.97429614089262,155.6801454659764,185.73775390995036,1,4,17,0,89.21,88.81,88.73,0,1
2013-04-24,493.0,train,400.0,400.0,386.0,413.0,456.7142857142857,446.85714285714283,495.5,148.83515969657378,156.25022197786393,182.849563748353,2,4,17,0,91.07,89.21,86.65,0,1
2013-04-25,219.0,train,493.0,283.0,235.0,300.0,470.0,454.5,500.5,147.06914473584598,155.66025627826542,180.71022435154364,3,4,17,0,93.27,91.07,87.83,0,1
2013-04-26,491.0,train,219.0,376.0,358.0,353.0,460.85714285714283,453.35714285714283,487.10714285714283,161.8759077930048,157.44430377504509,187.29998502812126,4,4,17,0,92.63,93.27,88.04,0,1
2013-04-27,755.0,train,491.0,647.0,789.0,594.0,477.2857142857143,462.85714285714283,484.10714285714283,157.60786178118778,155.2451446746559,186.51111361697875,5,4,17,1,92.63,92.63,88.04,0,1
2013-04-28,719.0,train,755.0,683.0,506.0,575.0,492.7142857142857,460.42857142857144,490.4642857142857,180.59966250034358,149.92547599273527,192.724612997475,6,4,17,1,92.63,92.63,88.04,0,1
2013-04-29,411.0,train,719.0,408.0,413.0,577.0,497.85714285714283,475.64285714285717,493.17857142857144,187.30939518296844,164.9594855354847,195.46810928136537,0,4,18,0,94.09,92.63,88.81,1,1
2013-04-30,369.0,train,411.0,400.0,372.0,643.0,498.2857142857143,475.5,492.4642857142857,187.0728149551346,165.01876350188854,195.74009262906236,1,4,18,0,93.22,94.09,89.21,0,1
2013-05-01,705.0,train,369.0,493.0,400.0,431.0,493.85714285714283,475.2857142857143,486.82142857142856,190.12927932631203,165.16538498003845,196.98111463744328,2,5,18,0,90.74,93.22,91.07,1,1
2013-05-02,327.0,train,705.0,219.0,283.0,527.0,524.1428571428571,497.07142857142856,495.4642857142857,206.17745477414067,174.33189579107383,201.1618994450983,3,5,18,0,93.7,90.74,93.27,0,1
2013-05-03,350.0,train,327.0,491.0,376.0,463.0,539.5714285714286,500.2142857142857,496.25,182.18201259807648,170.53092594393735,200.43205646617338,4,5,18,0,95.25,93.7,92.63,0,1
2013-05-04,774.0,train,350.0,755.0,647.0,305.0,519.4285714285714,498.35714285714283,493.92857142857144,195.73779837907054,172.12187414863777,201.77984493032466,5,5,18,1,95.25,95.25,92.63,0,1
2013-05-05,715.0,train,774.0,719.0,683.0,415.0,522.1428571428571,507.42857142857144,486.85714285714283,199.64170286743573,183.52728335662707,187.3593723076976,6,5,18,1,95.25,95.25,92.63,0,1
2013-05-06,416.0,train,715.0,411.0,408.0,972.0,521.5714285714286,509.7142857142857,478.9642857142857,198.9889922775102,186.0638552802725,171.74172731014133,0,5,19,0,95.8,95.25,94.09,0,1
2013-05-07,351.0,train,416.0,369.0,400.0,936.0,522.2857142857143,510.2857142857143,480.64285714285717,198.53439188690894,185.73944884472658,170.85454378586243,1,5,19,0,95.28,95.8,93.22,0,1
2013-05-08,418.0,train,351.0,705.0,493.0,369.0,519.7142857142857,506.7857142857143,476.82142857142856,200.95249379369423,188.41981709079175,172.56776523407737,2,5,19,0,96.24,95.28,90.74,0,1
2013-05-09,323.0,train,418.0,327.0,219.0,458.0,478.7142857142857,501.42857142857144,477.9642857142857,185.53500504012175,189.90228835082283,172.0491923932648,3,5,19,0,96.09,96.24,93.7,0,1
2013-05-10,318.0,train,323.0,350.0,491.0,386.0,478.14285714285717,508.85714285714283,481.10714285714283,186.08548982607272,179.76816572072306,168.20739827956106,4,5,19,0,95.81,96.09,95.25,0,1
2013-05-11,666.0,train,318.0,774.0,755.0,235.0,473.57142857142856,496.5,479.67857142857144,190.1077388770701,186.89476677037746,169.45687828436957,5,5,19,1,95.81,95.81,95.25,1,1
2013-05-12,548.0,train,666.0,715.0,719.0,358.0,458.14285714285717,490.14285714285717,475.2857142857143,164.29184253580388,178.76235068374424,162.59671928330278,6,5,19,1,95.81,95.81,95.25,1,1
2013-05-13,331.0,train,548.0,416.0,411.0,789.0,434.2857142857143,477.92857142857144,476.7857142857143,129.14167192882107,167.4034574983967,163.0835634797349,0,5,20,0,94.76,95.81,95.8,0,1
2013-05-14,409.0,train,331.0,351.0,369.0,506.0,422.14285714285717,472.2142857142857,473.85714285714283,135.01040524274165,171.1864384327702,164.9964565917424,1,5,20,0,93.96,94.76,95.28,0,1
2013-05-15,471.0,train,409.0,418.0,705.0,413.0,430.42857142857144,475.07142857142856,475.17857142857144,131.65467094240216,169.65823759080342,164.2971683377701,2,5,20,0,93.95,93.96,96.24,0,1
2013-05-16,252.0,train,471.0,323.0,327.0,372.0,438.0,458.35714285714283,477.7142857142857,132.34298873255997,156.26142156057512,163.64049511111753,3,5,20,0,94.85,93.95,96.09,0,1
2013-05-17,423.0,train,252.0,318.0,350.0,400.0,427.85714285714283,453.0,476.60714285714283,144.7635181614346,162.28085815362456,165.10498103299247,4,5,20,0,95.72,94.85,95.81,0,1
2013-05-18,600.0,train,423.0,666.0,774.0,283.0,442.85714285714283,458.2142857142857,478.2857142857143,136.69848642350078,159.8716690018918,164.28111794812503,5,5,20,1,95.72,95.72,95.81,0,1
2013-05-19,758.0,train,600.0,548.0,715.0,376.0,433.42857142857144,445.7857142857143,476.60714285714283,119.9984126879138,138.80987471603456,162.7261592678109,6,5,20,1,95.72,95.72,95.81,0,1
2013-05-20,399.0,train,758.0,331.0,416.0,647.0,463.42857142857144,448.85714285714283,479.2857142857143,169.4686373569426,145.53765420401928,166.81523536932352,0,5,21,0,96.29,95.72,94.76,0,1
2013-05-21,444.0,train,399.0,409.0,351.0,683.0,473.14285714285717,447.64285714285717,478.9642857142857,162.41451964179825,145.90334373922212,166.9662822787567,1,5,21,0,95.55,96.29,93.96,0,1
2013-05-22,455.0,train,444.0,471.0,418.0,408.0,478.14285714285717,454.2857142857143,480.5357142857143,160.63979225939863,143.25793229289283,166.40167425770463,2,5,21,0,93.98,95.55,93.95,0,1
2013-05-23,372.0,train,455.0,252.0,323.0,400.0,475.85714285714283,456.92857142857144,479.17857142857144,160.8720284070833,142.8778199321761,166.45120596815758,3,5,21,0,94.12,93.98,94.85,0,1
2013-05-24,532.0,train,372.0,423.0,318.0,493.0,493.0,460.42857142857144,484.64285714285717,137.7775985661914,139.91410237697968,159.97921491978028,4,5,21,0,93.84,94.12,95.72,1,1
2013-05-25,392.0,train,532.0,600.0,666.0,219.0,508.57142857142856,475.7142857142857,486.10714285714283,134.67226532444974,134.7512971659717,160.22700084237314,5,5,21,1,93.84,93.84,95.72,0,1
2013-05-26,532.0,train,392.0,758.0,548.0,491.0,478.85714285714283,456.14285714285717,473.14285714285717,134.08259714497908,124.49581836836407,152.14630246738633,6,5,21,1,93.84,93.84,95.72,0,1
2013-05-27,291.0,train,532.0,399.0,331.0,755.0,446.57142857142856,455.0,466.4642857142857,65.16097283614039,123.6583382363863,144.88551857264252,0,5,22,0,93.84,93.84,96.29,0,1
2013-05-28,293.0,train,291.0,444.0,409.0,719.0,431.14285714285717,452.14285714285717,462.17857142857144,87.32015531255854,127.15638895764204,148.3209866450636,1,5,22,0,94.65,93.84,95.55,0,1
2013-05-29,420.0,train,293.0,455.0,471.0,411.0,409.57142857142856,443.85714285714283,459.4642857142857,101.16794146839288,133.79022451518668,150.76459014042953,2,5,22,0,93.13,94.65,93.98,0,1
2013-05-30,271.0,train,420.0,372.0,252.0,369.0,404.57142857142856,440.2142857142857,449.2857142857143,99.39794958122708,133.68860406610108,142.99413537387753,3,5,22,0,93.57,93.13,94.12,0,1
2013-05-31,488.0,train,271.0,532.0,423.0,705.0,390.14285714285717,441.57142857142856,447.2857142857143,111.5069931610089,131.7128077912836,145.1433154181827,4,5,22,0,91.93,93.57,93.84,0,1
2013-06-01,777.0,train,488.0,392.0,600.0,327.0,383.85714285714283,446.2142857142857,452.2142857142857,103.10096761820073,132.15269639638478,144.05640797010292,5,6,22,1,91.93,91.93,93.84,0,1
2013-06-02,656.0,train,777.0,532.0,758.0,350.0,438.85714285714283,458.85714285714283,452.32142857142856,181.24516413910018,154.56333386616657,144.30550246725903,6,6,22,1,91.93,91.93,93.84,0,1
2013-06-03,462.0,train,656.0,291.0,399.0,774.0,456.57142857142856,451.57142857142856,450.2142857142857,197.2214129203155,141.2045511827617,140.71388284528604,0,6,23,0,93.41,91.93,93.84,0,1
2013-06-04,370.0,train,462.0,293.0,444.0,715.0,481.0,456.07142857142856,451.85714285714283,183.40119955987177,140.40187610280253,140.5680840140688,1,6,23,0,93.36,93.41,94.65,0,1
2013-06-05,459.0,train,370.0,420.0,455.0,416.0,492.0,450.7857142857143,452.5357142857143,172.2140141413195,142.27177598440997,140.10828673059302,2,6,23,0,93.66,93.36,93.13,0,1
2013-06-06,280.0,train,459.0,271.0,372.0,351.0,497.57142857142856,451.07142857142856,454.0,170.11452724841672,142.2849061056527,139.94813854239555,3,6,23,0,94.71,93.66,93.57,0,1
2013-06-07,466.0,train,280.0,488.0,532.0,418.0,498.85714285714283,444.5,452.4642857142857,168.1392563436911,148.21852370480102,141.66430903733837,4,6,23,0,96.11,94.71,91.93,0,1
2013-06-08,904.0,train,466.0,777.0,392.0,323.0,495.7142857142857,439.7857142857143,457.75,168.58105299401637,146.25803255859822,139.20106028757553,5,6,23,1,96.11,96.11,91.93,0,1
2013-06-09,794.0,train,904.0,656.0,532.0,318.0,513.8571428571429,476.35714285714283,466.25,206.4739116461839,190.66184610571537,158.3392104172419,6,6,23,1,96.11,96.11,91.93,0,1
2013-06-10,511.0,train,794.0,462.0,291.0,666.0,533.5714285714286,495.07142857142856,475.0357142857143,227.79512516210494,208.56154387234847,169.4764229517132,0,6,24,0,95.82,96.11,93.41,0,1
2013-06-11,305.0,train,511.0,370.0,293.0,548.0,540.5714285714286,510.7857142857143,481.4642857142857,225.9748194990297,200.1200326617189,167.20922403735582,1,6,24,0,95.5,95.82,93.36,0,1
2013-06-12,475.0,train,305.0,459.0,420.0,331.0,531.2857142857143,511.64285714285717,477.75,235.295356439316,199.13876381244117,170.01015764860568,2,6,24,0,95.98,95.5,93.66,0,1
2013-06-13,406.0,train,475.0,280.0,271.0,409.0,533.5714285714286,515.5714285714286,477.89285714285717,234.552664408129,197.72930769331867,170.00595616705664,3,6,24,0,96.66,95.98,94.71,0,1
2013-06-14,470.0,train,406.0,466.0,488.0,471.0,551.5714285714286,525.2142857142857,483.39285714285717,215.94664243963697,187.93377662252303,164.83984130186283,4,6,24,0,97.83,96.66,96.11,0,1
2013-06-15,747.0,train,470.0,904.0,777.0,252.0,552.1428571428571,523.9285714285714,485.07142857142856,215.68760478326726,188.26922796304814,164.44089979019685,5,6,24,1,97.83,97.83,96.11,0,1
2013-06-16,481.0,train,747.0,794.0,656.0,423.0,529.7142857142857,521.7857142857143,490.32142857142856,177.8442336106837,185.31477527187604,170.48168220736798,6,6,24,1,97.83,97.83,96.11,0,1
2013-06-17,424.0,train,481.0,511.0,462.0,600.0,485.0,509.2857142857143,480.42857142857144,134.35152895792913,181.42658128180767,162.20961029469777,0,6,25,0,97.86,97.83,95.82,0,1
2013-06-18,560.0,train,424.0,305.0,370.0,758.0,472.57142857142856,506.57142857142856,481.32142857142856,135.56407727572582,182.46968738173138,161.81311890491295,1,6,25,0,98.46,97.86,95.5,0,1
2013-06-19,361.0,train,560.0,475.0,459.0,399.0,509.0,520.1428571428571,485.4642857142857,115.8591098417958,178.55439039595277,162.30640482623937,2,6,25,0,98.24,98.46,95.98,0,1
2013-06-20,335.0,train,361.0,406.0,280.0,444.0,492.7142857142857,513.1428571428571,482.10714285714283,128.73191042591074,183.00141115170797,163.92395239656778,3,6,25,0,94.89,98.24,96.66,0,1
2013-06-21,473.0,train,335.0,470.0,466.0,455.0,482.57142857142856,517.0714285714286,480.7857142857143,139.0837363399677,178.13714003357256,164.99009109255687,4,6,25,0,93.81,94.89,97.83,0,1
2013-06-22,502.0,train,473.0,747.0,904.0,372.0,483.0,517.5714285714286,478.67857142857144,139.04315876734077,177.99252978521497,164.68826974158253,5,6,25,1,93.81,93.81,97.83,0,1
2013-06-23,770.0,train,502.0,481.0,794.0,532.0,448.0,488.85714285714283,482.60714285714283,79.67433714816761,139.01569205439574,163.85389591446784,6,6,25,1,93.81,93.81,97.83,0,1
2013-06-24,484.0,train,770.0,424.0,511.0,392.0,489.2857142857143,487.14285714285717,491.10714285714283,146.48744461069478,135.05489319467148,172.45833405239375,0,6,26,0,95.07,93.81,97.86,0,1
2013-06-25,345.0,train,484.0,560.0,305.0,532.0,497.85714285714283,485.2142857142857,498.0,143.76071388645371,134.88067579641145,167.96251786457432,1,6,26,0,95.25,95.07,98.46,0,1
2013-06-26,555.0,train,345.0,361.0,475.0,291.0,467.14285714285717,488.07142857142856,499.85714285714283,151.05344371163065,131.1414176702821,165.8865552308241,2,6,26,0,95.47,95.25,98.24,0,1
2013-06-27,352.0,train,555.0,335.0,406.0,293.0,494.85714285714283,493.7857142857143,504.67857142857144,146.0472852325899,132.26615275585482,165.44083726492886,3,6,26,0,97.0,95.47,94.89,0,1
2013-06-28,374.0,train,352.0,473.0,470.0,420.0,497.2857142857143,489.92857142857144,507.57142857142856,143.05676528999965,135.764198456064,161.87316218237248,4,6,26,0,96.36,97.0,93.81,0,1
2013-06-29,489.0,train,374.0,502.0,747.0,271.0,483.14285714285717,483.07142857142856,503.5,150.55500497761426,139.22834828810156,163.80577930382483,5,6,26,1,96.36,96.36,93.81,0,1
2013-06-30,669.0,train,489.0,770.0,481.0,488.0,481.2857142857143,464.64285714285717,493.2142857142857,150.36368609221452,116.88956467397017,154.79002674898803,6,6,26,1,96.36,96.36,93.81,0,1
2013-07-01,422.0,train,669.0,484.0,424.0,777.0,466.85714285714283,478.07142857142856,493.67857142857144,119.77677650728504,129.0768788720141,155.31498546178585,0,7,27,0,97.94,96.36,95.07,0,1
2013-07-02,421.0,train,422.0,345.0,560.0,656.0,458.0,477.92857142857144,492.25,120.58745097784114,129.14241648762686,155.80035301628826,1,7,27,0,99.65,97.94,95.25,0,1
2013-07-03,510.0,train,421.0,555.0,361.0,462.0,468.85714285714283,468.0,494.07142857142856,111.82043428555197,127.68229803214368,154.6118026665803,2,7,27,0,101.92,99.65,95.47,0,1
2013-07-04,463.0,train,510.0,352.0,335.0,370.0,462.42857142857144,478.64285714285717,495.89285714285717,107.24249335479054,124.24083754662014,154.48368948682045,3,7,27,0,101.92,101.92,97.0,0,1
2013-07-05,439.0,train,463.0,374.0,473.0,459.0,478.2857142857143,487.7857142857143,502.42857142857144,95.78746314230285,117.37722133323842,148.77734509225002,4,7,27,0,103.09,101.92,96.36,0,1
2013-07-06,590.0,train,439.0,489.0,502.0,280.0,487.57142857142856,485.35714285714283,501.4642857142857,86.71381501401987,118.05644487203622,149.10932656893502,5,7,27,1,103.09,103.09,96.36,0,1
2013-07-07,665.0,train,590.0,669.0,770.0,466.0,502.0,491.64285714285717,490.25,94.99824559783528,121.30863825089156,128.03200554722437,6,7,27,1,103.09,103.09,96.36,0,1
2013-07-08,265.0,train,665.0,422.0,484.0,904.0,501.42857142857144,484.14285714285717,485.64285714285717,93.83115534983929,104.91304615131143,118.67609646856405,0,7,28,0,103.03,103.09,97.94,0,1
2013-07-09,393.0,train,265.0,421.0,345.0,794.0,479.0,468.5,476.85714285714283,128.38353996261853,120.1555082126745,125.63135792961145,1,7,28,0,103.46,103.03,99.65,0,1
2013-07-10,550.0,train,393.0,510.0,555.0,511.0,475.0,471.92857142857144,480.0,130.90327217707966,117.00392122667309,122.22747463461562,2,7,28,0,106.41,103.46,101.92,0,1
2013-07-11,262.0,train,550.0,463.0,352.0,305.0,480.7142857142857,471.57142857142856,482.67857142857144,133.53241090426212,116.73817797876637,122.93360254592997,3,7,28,0,104.77,106.41,101.92,0,1
2013-07-12,397.0,train,262.0,439.0,374.0,475.0,452.0,465.14285714285717,477.5357142857143,157.44628713733846,125.94434493846063,129.11679528782022,4,7,28,0,105.85,104.77,103.09,0,1
2013-07-13,466.0,train,397.0,590.0,489.0,406.0,446.0,466.7857142857143,474.92857142857144,158.8185547514308,124.80888687011905,130.00852637891478,5,7,28,1,105.85,105.85,103.09,0,1
2013-07-14,449.0,train,466.0,665.0,669.0,470.0,428.2857142857143,465.14285714285717,464.89285714285717,146.51929825761735,124.64525486531564,118.57122856488542,6,7,28,1,105.85,105.85,103.09,0,1
2013-07-15,484.0,train,449.0,265.0,422.0,747.0,397.42857142857144,449.42857142857144,463.75,105.30726018475117,109.97182456339493,118.56444567313522,0,7,29,0,106.2,105.85,103.03,0,1
2013-07-16,443.0,train,484.0,393.0,421.0,481.0,428.7142857142857,453.85714285714283,465.89285714285717,90.96100682108036,110.03066505637041,118.36144870557557,1,7,29,0,105.88,106.2,103.46,0,1
2013-07-17,469.0,train,443.0,550.0,510.0,424.0,435.85714285714283,455.42857142857144,461.7142857142857,89.64267691122012,109.6818576160607,116.97320273776477,2,7,29,0,106.39,105.88,106.41,0,1
2013-07-18,292.0,train,469.0,262.0,463.0,560.0,424.2857142857143,452.5,465.57142857142856,76.75440114571904,108.65524165203195,115.29782002096727,3,7,29,0,107.94,106.39,104.77,0,1
2013-07-19,278.0,train,292.0,397.0,439.0,361.0,428.57142857142856,440.2857142857143,464.0357142857143,66.30951953492233,116.6977875813142,117.36914925041953,4,7,29,0,108.0,107.94,105.85,0,1
2013-07-20,605.0,train,278.0,466.0,590.0,335.0,411.57142857142856,428.7857142857143,457.07142857142856,87.59158472299474,124.50590259188385,122.49109675020811,5,7,29,1,108.0,108.0,105.85,0,1
2013-07-21,817.0,train,605.0,449.0,665.0,473.0,431.42857142857144,429.85714285714283,460.75,113.81689555723078,126.05484590377343,125.40235245002407,6,7,29,1,108.0,108.0,105.85,0,1
2013-07-22,295.0,train,817.0,484.0,265.0,502.0,484.0,440.7142857142857,462.42857142857144,185.62327440275348,151.78549062685494,129.92802240198634,0,7,30,0,106.61,108.0,106.2,0,1
2013-07-23,470.0,train,295.0,443.0,393.0,770.0,457.0,442.85714285714283,455.67857142857144,198.89444436685477,149.3054984524407,133.6227563152739,1,7,30,0,107.13,106.61,105.88,0,1
2013-07-24,431.0,train,470.0,469.0,550.0,484.0,460.85714285714283,448.35714285714283,460.14285714285717,198.83949018528173,148.74480321515907,131.86460909688844,2,7,30,0,105.41,107.13,106.39,0,1
2013-07-25,282.0,train,431.0,292.0,262.0,345.0,455.42857142857144,439.85714285714283,455.7142857142857,199.09868335648432,145.86181930056347,130.63742789161776,3,7,30,0,105.47,105.41,107.94,0,1
2013-07-26,596.0,train,282.0,278.0,397.0,555.0,454.0,441.2857142857143,453.2142857142857,200.49771403518102,144.07286007777077,133.33759913811036,4,7,30,0,104.76,105.47,108.0,0,1
2013-07-27,548.0,train,596.0,605.0,466.0,352.0,499.42857142857144,455.5,461.14285714285717,189.7093014262057,149.09663876931504,135.04230181844258,5,7,30,1,104.76,104.76,108.0,0,1
2013-07-28,700.0,train,548.0,817.0,449.0,374.0,491.2857142857143,461.35714285714283,463.25,185.60146756398422,151.13753651907547,135.9503245334148,6,7,30,1,104.76,104.76,108.0,0,1
2013-07-29,414.0,train,700.0,295.0,484.0,489.0,474.57142857142856,479.2857142857143,464.35714285714283,153.9500537434754,163.90683496868118,137.80157884536445,0,7,31,0,104.61,104.76,106.61,0,1
2013-07-30,353.0,train,414.0,470.0,443.0,669.0,491.57142857142856,474.2857142857143,464.07142857142856,136.3840864896597,164.81711476264002,137.9009114388351,1,7,31,0,103.14,104.61,107.13,0,1
2013-07-31,570.0,train,353.0,431.0,469.0,422.0,474.85714285714283,467.85714285714283,461.64285714285717,146.2787619255649,167.85839139119466,139.27941920383168,2,7,31,0,105.1,103.14,105.41,0,1
2013-08-01,462.0,train,570.0,282.0,292.0,421.0,494.7142857142857,475.07142857142856,463.7857142857143,148.74666863016247,170.06716514171862,140.50711255039275,3,8,31,0,107.93,105.1,105.47,0,1
2013-08-02,464.0,train,462.0,596.0,278.0,510.0,520.4285714285714,487.2142857142857,463.75,118.28476535161097,161.8613740075264,140.50744675138273,4,8,31,0,106.94,107.93,104.76,0,1
2013-08-03,657.0,train,464.0,548.0,605.0,463.0,501.57142857142856,500.5,464.64285714285717,114.6964939058106,150.61042460600117,140.42375400134677,5,8,31,1,106.94,106.94,104.76,0,1
2013-08-04,681.0,train,657.0,700.0,817.0,439.0,517.1428571428571,504.2142857142857,467.0357142857143,128.6058948511931,153.98909979976773,143.18273280512923,6,8,31,1,106.94,106.94,104.76,0,1
2013-08-05,461.0,train,681.0,414.0,295.0,590.0,514.4285714285714,494.5,467.60714285714283,124.22943443867209,135.97553512983913,144.03146242856883,0,8,32,0,106.61,106.94,104.61,0,1
2013-08-06,328.0,train,461.0,353.0,470.0,665.0,521.1428571428571,506.35714285714283,474.60714285714283,119.05940894000277,123.94639482941311,138.47565350543275,1,8,32,0,105.32,106.61,103.14,0,1
2013-08-07,403.0,train,328.0,570.0,431.0,265.0,517.5714285714286,496.2142857142857,472.2857142857143,125.16237073345567,132.65465782157142,140.42550605685142,2,8,32,0,104.41,105.32,105.1,0,1
2013-08-08,360.0,train,403.0,462.0,282.0,393.0,493.7142857142857,494.2142857142857,467.0357142857143,129.34928718488567,133.91856226334448,140.16008893083864,3,8,32,0,103.45,104.41,107.93,0,1
2013-08-09,347.0,train,360.0,464.0,596.0,550.0,479.14285714285717,499.7857142857143,470.5357142857143,138.90935722192887,125.7862525027329,136.0126579465793,4,8,32,0,106.04,103.45,106.94,0,1
2013-08-10,570.0,train,347.0,657.0,548.0,262.0,462.42857142857144,482.0,468.75,147.79023100649206,128.70538808875432,137.33565936541535,5,8,32,1,106.04,106.04,106.94,1,1
2013-08-11,662.0,train,570.0,681.0,700.0,397.0,450.0,483.57142857142856,472.4642857142857,131.45594952936352,129.70363513422788,138.65851529002438,6,8,32,1,106.04,106.04,106.94,0,1
2013-08-12,423.0,train,662.0,461.0,414.0,466.0,447.2857142857143,480.85714285714283,480.07142857142856,125.97316418681399,125.14352200134468,143.09539127900334,0,8,33,0,106.19,106.04,106.61,0,1
2013-08-13,405.0,train,423.0,328.0,353.0,449.0,441.85714285714283,481.5,477.89285714285717,126.10237715368184,124.79629555646004,143.49715167794307,1,8,33,0,106.78,106.19,105.32,0,1
2013-08-14,454.0,train,405.0,403.0,570.0,484.0,452.85714285714283,485.2142857142857,476.5357142857143,117.58603739592596,121.4053468417194,144.0181269822343,2,8,33,0,106.89,106.78,104.41,0,1
2013-08-15,339.0,train,454.0,360.0,462.0,443.0,460.14285714285717,476.92857142857144,476.0,115.54426074226319,119.11046216769599,144.075083305996,3,8,33,0,107.43,106.89,103.45,0,1
2013-08-16,469.0,train,339.0,347.0,464.0,469.0,457.14285714285717,468.14285714285717,477.67857142857144,118.80436099098424,124.70140159773462,142.11238473187322,4,8,33,0,107.58,107.43,106.04,0,1
2013-08-17,495.0,train,469.0,570.0,657.0,292.0,474.57142857142856,468.5,484.5,108.45099837078021,124.6957836558173,136.65189622080183,5,8,33,1,107.58,107.58,106.04,0,1
2013-08-18,681.0,train,495.0,662.0,681.0,278.0,463.85714285714283,456.92857142857144,480.57142857142856,100.89339022193724,112.80784498477847,134.62552412537454,6,8,33,1,107.58,107.58,106.04,0,1
2013-08-19,376.0,train,681.0,423.0,461.0,605.0,466.57142857142856,456.92857142857144,475.7142857142857,107.17253557209652,112.80784498477847,124.07818835475027,0,8,34,0,107.14,107.58,106.19,0,1
2013-08-20,338.0,train,376.0,405.0,328.0,817.0,459.85714285714283,450.85714285714283,478.60714285714283,111.73246107171704,114.84093155508394,120.60444659995997,1,8,34,0,104.9,107.14,106.78,0,1
2013-08-21,330.0,train,338.0,454.0,403.0,295.0,450.2857142857143,451.57142857142856,473.89285714285717,119.79387058013997,114.04635648968073,123.49848980504598,2,8,34,0,103.93,104.9,106.89,0,1
2013-08-22,358.0,train,330.0,339.0,360.0,470.0,432.57142857142856,446.35714285714283,470.2857142857143,128.0375688913958,118.03689588941543,126.24222957909367,3,8,34,0,104.93,103.93,107.43,0,1
2013-08-23,347.0,train,358.0,469.0,347.0,431.0,435.2857142857143,446.2142857142857,473.0,125.9069951534517,118.1506069982962,122.81452441550823,4,8,34,0,106.48,104.93,107.58,0,1
2013-08-24,644.0,train,347.0,495.0,570.0,282.0,417.85714285714283,446.2142857142857,464.10714285714283,128.8712905336537,118.1506069982962,122.59307553574237,5,8,34,1,106.48,106.48,107.58,0,1
2013-08-25,813.0,train,644.0,681.0,662.0,596.0,439.14285714285717,451.5,467.5357142857143,153.65809293300958,125.53868542589352,126.31221815416954,6,8,34,1,106.48,106.48,107.58,0,1
2013-08-26,636.0,train,813.0,376.0,423.0,548.0,458.0,462.2857142857143,471.57142857142856,191.68115887240083,149.26044793809658,135.48662051518002,0,8,35,0,105.88,106.48,107.14,0,1
2013-08-27,386.0,train,636.0,338.0,405.0,700.0,495.14285714285717,477.5,479.5,198.22245800398804,155.66618623985582,138.45590286093653,1,8,35,0,109.11,105.88,104.9,0,1
2013-08-28,613.0,train,386.0,330.0,454.0,414.0,502.0,476.14285714285717,480.67857142857144,192.63177308014366,156.42784384395978,137.47620765775338,2,8,35,0,110.17,109.11,103.93,0,1
2013-08-29,432.0,train,613.0,358.0,339.0,353.0,542.4285714285714,487.5,482.2142857142857,179.78585144819485,160.41760405986508,138.74526542281987,3,8,35,0,108.51,110.17,104.93,0,1
2013-08-30,410.0,train,432.0,347.0,469.0,570.0,553.0,494.14285714285717,481.14285714285717,168.98520645310944,155.64993125247778,139.0227037908277,4,8,35,0,107.98,108.51,106.48,0,1
2013-08-31,493.0,train,410.0,644.0,495.0,462.0,562.0,489.92857142857144,479.2142857142857,157.47063218263915,157.17431003908905,139.64249516184717,5,8,35,1,107.98,107.98,106.48,0,1
2013-09-01,711.0,train,493.0,813.0,681.0,464.0,540.4285714285714,489.7857142857143,473.35714285714283,154.68339400514972,157.17025485437426,135.2805628604152,6,9,35,1,107.98,107.98,106.48,0,1
2013-09-02,583.0,train,711.0,636.0,376.0,657.0,525.8571428571429,491.92857142857144,474.42857142857144,127.06616199370119,160.1539952601937,137.09267710713866,0,9,36,0,107.98,107.98,105.88,0,1
2013-09-03,345.0,train,583.0,386.0,338.0,681.0,518.2857142857143,506.7142857142857,478.7857142857143,120.83558290188397,158.17100219087536,138.5807311555943,1,9,36,0,108.67,107.98,109.11,0,1
2013-09-04,670.0,train,345.0,613.0,330.0,461.0,512.4285714285714,507.2142857142857,479.39285714285717,129.03211117503147,157.60670552477643,137.93136760473385,2,9,36,0,107.29,108.67,110.17,0,1
2013-09-05,331.0,train,670.0,432.0,358.0,328.0,520.5714285714286,531.5,488.92857142857144,137.92855293334188,154.36109015501978,141.63409522857472,3,9,36,0,108.5,107.29,108.51,0,1
2013-09-06,415.0,train,331.0,410.0,347.0,403.0,506.14285714285717,529.5714285714286,487.89285714285717,153.17792331297665,156.84422173006527,142.71373555989754,4,9,36,0,110.62,108.5,107.98,0,1
2013-09-07,791.0,train,415.0,493.0,644.0,360.0,506.85714285714283,534.4285714285714,490.32142857142856,152.6656789321342,151.72480872427414,140.79300634236304,5,9,36,1,110.62,110.62,107.98,0,1
2013-09-08,786.0,train,791.0,711.0,813.0,347.0,549.4285714285714,544.9285714285714,498.2142857142857,186.0554192911861,164.44426892542526,151.23279997526933,6,9,36,1,110.62,110.62,107.98,0,1
2013-09-09,541.0,train,786.0,583.0,636.0,570.0,560.1428571428571,543.0,502.64285714285717,198.64409427535526,161.18455738209394,157.8762324161075,0,9,37,0,109.62,110.62,107.98,0,1
2013-09-10,342.0,train,541.0,345.0,386.0,662.0,554.1428571428571,536.2142857142857,506.85714285714283,198.4728600853936,158.95242566998976,157.24519995870443,1,9,37,0,107.48,109.62,108.67,0,1
2013-09-11,435.0,train,342.0,670.0,613.0,423.0,553.7142857142857,533.0714285714286,504.60714285714283,199.00227325813339,162.54536137796887,159.19527707625713,2,9,37,0,107.65,107.48,107.29,0,1
2013-09-12,621.0,train,435.0,331.0,432.0,405.0,520.1428571428571,520.3571428571429,503.92857142857144,195.91361069906,162.77384364763324,159.45925488429327,3,9,37,0,108.72,107.65,108.5,0,1
2013-09-13,323.0,train,621.0,415.0,410.0,454.0,561.5714285714286,533.8571428571429,514.0,179.19994153910622,162.71960646975003,157.55069730795307,4,9,37,0,108.31,108.72,110.62,0,1
2013-09-14,632.0,train,323.0,791.0,493.0,339.0,548.4285714285714,527.6428571428571,508.7857142857143,194.46495583425582,169.34017068195422,161.46261054242444,5,9,37,1,108.31,108.31,110.62,0,1
2013-09-15,710.0,train,632.0,786.0,711.0,469.0,525.7142857142857,537.5714285714286,513.6785714285714,169.03225953025876,171.21723236678207,163.09689316736413,6,9,37,1,108.31,108.31,110.62,0,1
2013-09-16,524.0,train,710.0,541.0,583.0,495.0,514.8571428571429,537.5,514.7142857142857,151.00709538674943,171.13950674590237,164.28652863842342,0,9,38,0,106.54,108.31,109.62,0,1
2013-09-17,314.0,train,524.0,342.0,345.0,681.0,512.4285714285714,533.2857142857143,520.0,150.65286493885765,170.65864650340345,162.0235465283662,1,9,38,0,105.36,106.54,107.48,0,1
2013-09-18,414.0,train,314.0,435.0,670.0,376.0,508.42857142857144,531.0714285714286,519.1428571428571,156.20164013528267,173.46756038376307,163.08205484895217,2,9,38,0,108.23,105.36,107.65,0,1
2013-09-19,372.0,train,414.0,621.0,331.0,338.0,505.42857142857144,512.7857142857143,522.1428571428571,158.03781946405215,171.17385609662762,160.22130858555533,3,9,38,0,106.26,108.23,108.72,0,1
2013-09-20,346.0,train,372.0,323.0,415.0,330.0,469.85714285714283,515.7142857142857,522.6428571428571,155.69460338691718,168.14848226467006,159.71113142998368,4,9,38,0,104.7,106.26,108.31,0,1
2013-09-21,726.0,train,346.0,632.0,791.0,358.0,473.14285714285717,510.7857142857143,522.6071428571429,152.28419547174326,172.2878533025598,159.75196962460845,5,9,38,1,104.7,104.7,108.31,0,1
2013-09-22,866.0,train,726.0,710.0,786.0,347.0,486.57142857142856,506.14285714285717,525.5357142857143,171.5525741989483,164.87191165491842,162.7826276432282,6,9,38,1,104.7,104.7,108.31,0,1
2013-09-23,516.0,train,866.0,524.0,541.0,644.0,508.85714285714283,511.85714285714283,527.4285714285714,211.0098169686492,176.3073614863704,166.51447019123833,0,9,39,0,103.62,104.7,106.54,0,1
2013-09-24,306.0,train,516.0,314.0,342.0,813.0,507.7142857142857,510.07142857142856,523.1428571428571,210.93578350271613,176.11598638210168,165.1553060978519,1,9,39,0,103.22,103.62,105.36,0,1
2013-09-25,486.0,train,306.0,414.0,435.0,636.0,506.57142857142856,507.5,520.2857142857143,212.17827185557672,178.99795873352633,168.2781773538833,2,9,39,0,102.68,103.22,108.23,0,1
2013-09-26,428.0,train,486.0,372.0,621.0,386.0,516.8571428571429,511.14285714285717,515.75,208.65875536501258,177.92472788010318,167.39587697918267,3,9,39,0,103.1,102.68,106.26,0,1
2013-09-27,370.0,train,428.0,346.0,323.0,613.0,524.8571428571429,497.35714285714283,515.6071428571429,203.18089523987283,176.226954693201,167.4716867802313,4,9,39,0,102.86,103.1,104.7,0,1
2013-09-28,609.0,train,370.0,726.0,632.0,432.0,528.2857142857143,500.7142857142857,514.1785714285714,199.8346935892383,173.06931851425594,168.57288863595122,5,9,39,1,102.86,102.86,104.7,0,1
2013-09-29,764.0,train,609.0,866.0,710.0,410.0,511.57142857142856,499.07142857142856,518.3214285714286,184.8746035766379,171.8319681395905,169.45622259351057,6,9,39,1,102.86,102.86,104.7,0,1
2013-09-30,416.0,train,764.0,516.0,524.0,493.0,497.0,502.92857142857144,520.2142857142857,153.66955890264435,177.44531737789146,171.96562041051877,0,9,40,0,102.36,102.86,103.62,0,1
2013-10-01,336.0,train,416.0,306.0,314.0,711.0,482.7142857142857,495.2142857142857,514.25,156.23562791044608,178.80121259760404,172.60222413913965,1,10,40,0,102.09,102.36,103.22,0,1
2013-10-02,407.0,train,336.0,486.0,414.0,583.0,487.0,496.7857142857143,513.9285714285714,150.9006295546839,177.17534928878894,172.93713877664914,2,10,40,0,104.15,102.09,102.68,0,1
2013-10-03,303.0,train,407.0,428.0,372.0,345.0,475.7142857142857,496.2857142857143,504.5357142857143,153.9120033067749,177.43663162311836,171.28068411622718,3,10,40,0,103.29,104.15,103.1,0,1
2013-10-04,550.0,train,303.0,370.0,346.0,670.0,457.85714285714283,491.35714285714283,503.5357142857143,167.06029707007812,182.05265812305595,172.4093926595901,4,10,40,0,103.83,103.29,102.86,0,1
2013-10-05,678.0,train,550.0,609.0,726.0,331.0,483.57142857142856,505.92857142857144,508.35714285714283,165.12506083052824,177.63379108791128,171.7280827108206,5,10,40,1,103.83,103.83,102.86,0,1
2013-10-06,719.0,train,678.0,764.0,866.0,415.0,493.42857142857144,502.5,504.32142857142856,175.58839857543455,173.47389517645667,166.0745155314167,6,10,40,1,103.83,103.83,102.86,0,1
2013-10-07,515.0,train,719.0,416.0,516.0,791.0,487.0,492.0,501.92857142857144,164.50531906294077,153.02287410710844,162.3055939273378,0,10,41,0,103.07,103.83,102.36,0,1
2013-10-08,346.0,train,515.0,336.0,306.0,786.0,501.14285714285717,491.92857142857144,501.0,161.6141790102057,153.01104248020494,162.14808046967457,1,10,41,0,103.54,103.07,102.09,0,1
2013-10-09,601.0,train,346.0,407.0,486.0,541.0,502.57142857142856,494.7857142857143,501.14285714285717,159.9467173184631,149.60778392513194,162.0045070899584,2,10,41,0,101.63,103.54,104.15,1,1
2013-10-10,277.0,train,601.0,303.0,428.0,342.0,530.2857142857143,503.0,507.07142857142856,157.41422456448493,152.22250920180062,162.53089246445137,3,10,41,0,103.08,101.63,103.29,0,1
2013-10-11,221.0,train,277.0,550.0,370.0,435.0,526.5714285714286,492.2142857142857,494.7857142857143,163.84632753778476,162.91912980722313,166.55181757191363,4,10,41,0,102.17,103.08,103.83,1,1
2013-10-12,558.0,train,221.0,678.0,609.0,621.0,479.57142857142856,481.57142857142856,491.14285714285717,199.3471487488237,175.86914466146698,171.4905707991432,5,10,41,1,102.17,102.17,103.83,0,1
2013-10-13,485.0,train,558.0,719.0,764.0,323.0,462.42857142857144,477.92857142857144,488.5,184.00892835481008,173.53938337569815,169.80129999938623,6,10,41,1,102.17,102.17,103.83,0,1
2013-10-14,276.0,train,485.0,515.0,416.0,632.0,429.0,458.0,480.4642857142857,147.20394016465687,152.96052783944955,164.16105058478584,0,10,42,0,102.46,102.17,103.07,0,1
2013-10-15,345.0,train,276.0,346.0,336.0,710.0,394.85714285714283,448.0,471.60714285714283,151.58433139282354,160.31699367671038,168.36167842447065,1,10,42,0,101.15,102.46,103.54,0,1
2013-10-16,396.0,train,345.0,601.0,407.0,524.0,394.7142857142857,448.64285714285717,472.7142857142857,151.63851125369808,159.85070300986226,167.3859716107165,2,10,42,0,102.34,101.15,101.63,0,1
2013-10-17,329.0,train,396.0,277.0,303.0,314.0,365.42857142857144,447.85714285714283,472.07142857142856,122.07218785464131,160.09797824258297,167.6541697510704,3,10,42,0,100.72,102.34,103.08,0,1
2013-10-18,427.0,train,329.0,221.0,550.0,414.0,372.85714285714283,449.7142857142857,470.5357142857143,117.28232116198356,158.43048879625323,168.797815095316,4,10,42,0,100.87,100.72,102.17,0,1
2013-10-19,737.0,train,427.0,558.0,678.0,372.0,402.2857142857143,440.92857142857144,473.42857142857144,96.90152094732363,155.83051161967057,167.2716638400229,5,10,42,1,100.87,100.87,102.17,0,1
2013-10-20,904.0,train,737.0,485.0,719.0,346.0,427.85714285714283,445.14285714285717,473.82142857142856,152.50620596271727,163.35137076152824,167.89857025650932,6,10,42,1,100.87,100.87,102.17,0,1
2013-10-21,394.0,train,904.0,276.0,515.0,726.0,487.7142857142857,458.35714285714283,475.17857142857144,237.3167463438644,192.15282665422524,171.3050243736636,0,10,43,0,99.28,100.87,102.46,0,1
2013-10-22,351.0,train,394.0,345.0,346.0,866.0,504.57142857142856,449.7142857142857,470.82142857142856,223.564201921847,192.13033579855596,171.77915485392327,1,10,43,0,97.63,99.28,101.15,0,1
2013-10-23,310.0,train,351.0,396.0,601.0,516.0,505.42857142857144,450.07142857142856,472.42857142857144,222.86083635522948,191.92725556463148,170.38484295557168,2,10,43,0,96.9,97.63,102.34,0,1
2013-10-24,384.0,train,310.0,329.0,277.0,306.0,493.14285714285717,429.2857142857143,466.14285714285717,232.0785991651884,190.07303396788868,173.0905809290307,3,10,43,0,96.65,96.9,100.72,0,1
2013-10-25,297.0,train,384.0,427.0,221.0,486.0,501.0,436.92857142857144,464.57142857142856,226.45823750381288,185.57663326288346,173.64852295314708,4,10,43,0,97.4,96.65,100.87,0,1
2013-10-26,531.0,train,297.0,737.0,558.0,428.0,482.42857142857144,442.35714285714283,461.9642857142857,238.54619199284167,179.79587021134517,175.6573858275459,5,10,43,1,97.4,97.4,100.87,0,1
2013-10-27,801.0,train,531.0,904.0,485.0,370.0,453.0,440.42857142857144,459.17857142857144,213.2744710461145,178.60085032346197,173.84839150108164,6,10,43,1,97.4,97.4,100.87,0,1
2013-10-28,297.0,train,801.0,394.0,276.0,609.0,438.2857142857143,463.0,460.5,177.5309496826906,202.97214663025136,176.37344639313687,0,10,44,0,98.74,97.4,99.28,0,1
2013-10-29,352.0,train,297.0,351.0,345.0,764.0,424.42857142857144,464.5,456.25,185.18446401975953,201.55653911877536,178.9010951667205,1,10,44,0,98.29,98.74,97.63,0,1
2013-10-30,497.0,train,352.0,310.0,396.0,416.0,424.57142857142856,465.0,456.82142857142856,185.11875210510763,201.24573574077567,178.5279423240976,2,10,44,0,96.81,98.29,96.9,0,1
2013-10-31,224.0,train,497.0,384.0,329.0,336.0,451.2857142857143,472.2142857142857,460.0357142857143,179.2286382303473,200.39045677086304,178.40787271759947,3,10,44,0,96.29,96.81,96.65,0,1
2013-11-01,375.0,train,224.0,297.0,427.0,407.0,428.42857142857144,464.7142857142857,457.2142857142857,198.41526918969456,207.98388568179186,181.5797666046847,4,11,44,0,94.56,96.29,97.4,0,1
2013-11-02,549.0,train,375.0,531.0,737.0,303.0,439.57142857142856,461.0,450.9642857142857,191.886995514597,209.17015524723837,181.2792979422471,5,11,44,1,94.56,94.56,97.4,1,1
2013-11-03,860.0,train,549.0,801.0,904.0,550.0,442.14285714285717,447.57142857142856,446.35714285714283,193.43080465757288,195.68841571221324,176.88146570529386,6,11,44,1,94.56,94.56,97.4,1,1
2013-11-04,406.0,train,860.0,297.0,394.0,678.0,450.57142857142856,444.42857142857144,451.39285714285717,212.06198554735278,187.99620056950982,186.66732922218054,0,11,45,0,94.58,94.56,98.74,0,1
2013-11-05,475.0,train,406.0,352.0,351.0,719.0,466.14285714285717,445.2857142857143,447.5,202.70128150509922,187.7758191082073,186.4281213884981,1,11,45,0,93.4,94.58,98.29,0,1
2013-11-06,295.0,train,475.0,497.0,310.0,515.0,483.7142857142857,454.14285714285717,452.10714285714283,196.39052445379863,185.90148637749667,185.41811395903886,2,11,45,0,94.74,93.4,96.81,0,1
2013-11-07,389.0,train,295.0,224.0,384.0,346.0,454.85714285714283,453.07142857142856,441.17857142857144,208.57566858051655,186.83701835710013,185.33514259137482,3,11,45,0,94.25,94.74,96.29,0,1
2013-11-08,379.0,train,389.0,375.0,297.0,601.0,478.42857142857144,453.42857142857144,445.17857142857144,186.2684954063686,186.69955884984094,182.85251161876653,4,11,45,0,94.56,94.25,94.56,0,1
2013-11-09,644.0,train,379.0,549.0,531.0,277.0,479.0,459.2857142857143,450.82142857142856,185.90409713971692,182.65706774062795,178.05306191453994,5,11,45,1,94.56,94.56,94.56,0,1
2013-11-10,695.0,train,644.0,860.0,801.0,221.0,492.57142857142856,467.35714285714283,453.89285714285717,195.10583208680796,188.4738737833471,180.6925646230443,6,11,45,1,94.56,94.56,94.56,0,1
2013-11-11,612.0,train,695.0,406.0,297.0,558.0,469.0,459.7857142857143,461.39285714285717,147.46864073422512,175.7385201728051,186.3026886519406,0,11,46,0,95.13,94.56,94.58,0,1
2013-11-12,314.0,train,612.0,475.0,352.0,485.0,498.42857142857144,482.2857142857143,473.39285714285717,153.24257148157525,173.44359693768254,184.7335096205333,1,11,46,0,93.12,95.13,93.4,0,1
2013-11-13,343.0,train,314.0,295.0,497.0,276.0,475.42857142857144,479.57142857142856,472.2857142857143,168.65236152399115,175.91899984224122,185.622248256019,2,11,46,0,93.91,93.12,94.74,0,1
2013-11-14,295.0,train,343.0,389.0,224.0,345.0,482.2857142857143,468.57142857142856,470.39285714285717,160.8909716606396,179.52317797034283,186.69609674463644,3,11,46,0,93.76,93.91,94.25,0,1
2013-11-15,400.0,train,295.0,379.0,375.0,396.0,468.85714285714283,473.64285714285717,469.17857142857144,173.4103308835515,172.96580682224533,187.75734015763243,4,11,46,0,93.8,93.76,94.56,0,1
2013-11-16,683.0,train,400.0,644.0,549.0,329.0,471.85714285714283,475.42857142857144,468.2142857142857,171.77061115669005,171.99539988737357,188.05108784639282,5,11,46,1,93.8,93.8,94.56,0,1
2013-11-17,921.0,train,683.0,695.0,860.0,427.0,477.42857142857144,485.0,466.2857142857143,178.77439893420333,179.9491381132243,185.451372710508,6,11,46,1,93.8,93.8,94.56,0,1
2013-11-18,447.0,train,921.0,612.0,406.0,737.0,509.7142857142857,489.35714285714283,466.89285714285717,235.89666825802794,190.1754684264213,186.9591635517739,0,11,47,0,93.03,93.8,95.13,0,1
2013-11-19,401.0,train,447.0,314.0,475.0,904.0,486.14285714285717,492.2857142857143,468.7857142857143,232.1870141153667,189.10576144313794,186.46146601075088,1,11,47,0,93.35,93.03,93.12,0,1
2013-11-20,481.0,train,401.0,343.0,295.0,394.0,498.57142857142856,487.0,470.57142857142856,223.60669127052608,190.65393538273227,185.52875958977558,2,11,47,0,93.34,93.35,93.91,0,1
2013-11-21,199.0,train,481.0,295.0,389.0,351.0,518.2857142857143,500.2857142857143,476.67857142857144,213.45781338531063,182.55386078610354,182.84238376696854,3,11,47,0,95.35,93.34,93.76,0,1
2013-11-22,419.0,train,199.0,400.0,379.0,310.0,504.57142857142856,486.7142857142857,470.07142857142856,232.43483469771127,197.882415968298,189.53548061695076,4,11,47,0,94.53,95.35,93.8,0,1
2013-11-23,519.0,train,419.0,683.0,644.0,384.0,507.2857142857143,489.57142857142856,474.42857142857144,231.11736865765428,196.4914225122285,186.7919080988709,5,11,47,1,94.53,94.53,93.8,0,1
2013-11-24,702.0,train,519.0,921.0,695.0,297.0,483.85714285714283,480.64285714285717,474.0,218.29294428315697,191.71637992010568,186.67103169499592,6,11,47,1,94.53,94.53,93.8,0,1
2013-11-25,282.0,train,702.0,447.0,612.0,531.0,452.57142857142856,481.14285714285717,470.4642857142857,150.30619541772825,192.3265880826581,181.10248421366254,0,11,48,0,93.86,94.53,93.03,0,1
2013-11-26,274.0,train,282.0,401.0,314.0,801.0,429.0,457.57142857142856,469.92857142857144,163.66938219064238,195.2551444356112,181.65594842416724,1,11,48,0,93.41,93.86,93.35,0,1
2013-11-27,474.0,train,274.0,481.0,343.0,297.0,410.85714285714283,454.7142857142857,467.14285714285717,174.0032840412581,197.7937653880263,184.1128305999734,2,11,48,0,92.05,93.41,93.34,0,1
2013-11-28,258.0,train,474.0,199.0,295.0,352.0,409.85714285714283,464.07142857142856,466.32142857142856,173.552517096342,195.1837257897973,184.02597513342957,3,11,48,0,92.05,92.05,95.35,0,1
2013-11-29,363.0,train,258.0,419.0,400.0,497.0,418.2857142857143,461.42857142857144,467.5357142857143,162.69881610480348,197.88097210413912,182.47343432073706,4,11,48,0,92.55,92.05,94.53,0,1
2013-11-30,726.0,train,363.0,519.0,683.0,224.0,410.2857142857143,458.7857142857143,467.10714285714283,164.02917858896726,199.00837963471568,182.71275559796356,5,11,48,1,92.55,92.55,94.53,0,1
2013-12-01,736.0,train,726.0,702.0,921.0,375.0,439.85714285714283,461.85714285714283,473.42857142857144,201.31602732306928,203.0262798991064,188.61747072991506,6,12,48,1,92.55,92.55,94.53,0,1
2013-12-02,421.0,train,736.0,282.0,447.0,549.0,444.7142857142857,448.64285714285717,469.0,208.959895901673,174.91826976877246,180.48535387383393,0,12,49,0,93.61,92.55,93.86,0,1
2013-12-03,493.0,train,421.0,274.0,401.0,860.0,464.57142857142856,446.7857142857143,469.5357142857143,197.19352350999173,175.075007473249,180.31361201320541,1,12,49,0,95.83,93.61,93.41,0,1
2013-12-04,454.0,train,493.0,474.0,481.0,406.0,495.85714285714283,453.35714285714283,470.17857142857144,178.39602814284527,174.95080941306236,180.36589428189,2,12,49,0,96.97,95.83,92.05,0,1
2013-12-05,265.0,train,454.0,258.0,199.0,475.0,493.0,451.42857142857144,475.85714285714283,178.963683466786,174.77137341977067,177.1201128938622,3,12,49,0,97.14,96.97,92.05,0,1
2013-12-06,388.0,train,265.0,363.0,419.0,295.0,494.0,456.14285714285717,471.42857142857144,177.44482710596733,168.20539511280518,180.88249276941173,4,12,49,0,97.48,97.14,92.55,0,1
2013-12-07,504.0,train,388.0,726.0,519.0,389.0,497.57142857142856,453.92857142857144,471.75,174.59749630016375,168.93442709921686,180.72008742804462,5,12,49,1,97.48,97.48,92.55,0,1
2013-12-08,477.0,train,504.0,736.0,702.0,379.0,465.85714285714283,452.85714285714283,466.75,143.60063668780438,168.5370797561985,177.68920536629062,6,12,49,1,97.48,97.48,92.55,0,1
2013-12-09,378.0,train,477.0,421.0,282.0,644.0,428.85714285714283,436.7857142857143,458.9642857142857,82.95667256953725,152.95961184947745,172.00268777892606,0,12,50,0,97.1,97.48,93.61,0,1
2013-12-10,330.0,train,378.0,493.0,274.0,695.0,422.7142857142857,443.64285714285717,450.60714285714283,85.19725012329512,147.54274850822927,169.96434033092677,1,12,50,0,98.32,97.1,95.83,0,1
2013-12-11,508.0,train,330.0,454.0,474.0,612.0,399.42857142857144,447.64285714285717,451.17857142857144,85.06048268312125,143.28755764484276,169.51435065906722,2,12,50,0,97.25,98.32,96.97,0,1
2013-12-12,502.0,train,508.0,265.0,258.0,314.0,407.14285714285717,450.07142857142856,457.07142857142856,92.92008855539646,144.05472479673722,168.47923898289096,3,12,50,0,97.21,97.25,97.14,0,1
2013-12-13,367.0,train,502.0,388.0,363.0,343.0,441.0,467.5,464.4642857142857,73.68174807915392,133.39516194663582,165.62149666854924,4,12,50,0,96.27,97.21,97.48,0,1
2013-12-14,547.0,train,367.0,504.0,726.0,295.0,438.0,467.7857142857143,463.2857142857143,76.57022920169365,133.15819312233236,166.21357459892525,5,12,50,1,96.27,96.27,97.48,0,1
2013-12-15,621.0,train,547.0,477.0,736.0,400.0,444.14285714285717,455.0,458.42857142857144,84.1019789133571,113.61744178128217,161.47478385217283,6,12,50,1,96.27,96.27,97.48,0,1
2013-12-16,322.0,train,621.0,378.0,421.0,683.0,464.7142857142857,446.7857142857143,447.7142857142857,107.76164173105083,94.24450897812262,137.87322602676193,0,12,51,0,97.18,96.27,97.1,0,1
2013-12-17,496.0,train,322.0,330.0,493.0,921.0,456.7142857142857,439.7142857142857,443.25,116.95827501822185,99.8740965658019,139.90595386160686,1,12,51,0,96.99,97.18,98.32,0,1
2013-12-18,532.0,train,496.0,508.0,454.0,447.0,480.42857142857144,439.92857142857144,446.64285714285717,102.97711257500698,100.00035714221919,139.99529470551028,2,12,51,0,97.59,96.99,97.25,0,1
2013-12-19,455.0,train,532.0,502.0,265.0,401.0,483.85714285714283,445.5,448.4642857142857,104.43726756834845,102.97329750959695,140.7883839228904,3,12,51,0,98.4,97.59,97.21,0,1
2013-12-20,441.0,train,455.0,367.0,388.0,481.0,477.14285714285717,459.07142857142856,457.60714285714283,104.58717029576874,88.91522694351936,132.0278700335978,4,12,51,0,99.11,98.4,96.27,0,1
2013-12-21,630.0,train,441.0,547.0,504.0,199.0,487.7142857142857,462.85714285714283,458.39285714285717,94.88890747555645,86.75860156235183,131.85495377868426,5,12,51,1,99.11,99.11,96.27,1,1
2013-12-22,985.0,train,630.0,621.0,477.0,419.0,499.57142857142856,471.85714285714283,462.35714285714283,107.83452932287358,97.25530014653896,135.36650230795675,6,12,51,1,99.11,99.11,96.27,1,1
2013-12-23,523.0,train,985.0,322.0,378.0,519.0,551.5714285714286,508.14285714285717,472.4642857142857,212.813578156139,168.20722436824857,161.88896106370507,0,12,52,0,98.62,99.11,97.18,1,1
2013-12-24,365.0,train,523.0,496.0,330.0,702.0,580.2857142857143,518.5,481.07142857142856,188.89125115236232,163.98862530910253,157.74098050670608,1,12,52,0,98.87,98.62,96.99,1,1
2013-12-25,0.0,train,365.0,532.0,508.0,282.0,561.5714285714286,521.0,484.32142857142856,204.47971141644447,161.13587195522052,154.21463003360677,2,12,52,0,98.87,98.87,97.59,1,0
2013-12-26,418.0,train,0.0,455.0,502.0,274.0,485.57142857142856,484.7142857142857,467.39285714285717,295.783624260966,213.10540135790097,179.3563263421224,3,12,52,0,99.18,98.87,98.4,1,1
2013-12-27,419.0,train,418.0,441.0,367.0,474.0,480.2857142857143,478.7142857142857,473.10714285714283,296.75001504392776,213.76278317922285,174.9322279956855,4,12,52,0,99.94,99.18,99.11,0,1
2013-12-28,499.0,train,419.0,630.0,547.0,258.0,477.14285714285717,482.42857142857144,475.10714285714283,297.35132339340527,212.11778813658228,173.9440819654229,5,12,52,1,99.94,99.94,99.11,0,1
2013-12-29,552.0,train,499.0,985.0,621.0,363.0,458.42857142857144,479.0,467.0,290.1630904295358,211.38044447794186,166.96750626438745,6,12,52,1,99.94,99.94,99.11,0,1
2013-12-30,595.0,train,552.0,523.0,322.0,726.0,396.57142857142856,474.07142857142856,460.42857142857144,187.02126184194202,208.60100460179734,159.43939486501057,0,12,1,0,98.9,99.94,98.62,0,1
2013-12-31,436.0,train,595.0,365.0,496.0,736.0,406.85714285714283,493.57142857142856,466.64285714285717,196.854792991711,206.0361112059706,161.2265979080871,1,12,1,0,98.17,98.9,98.87,1,1
2014-01-01,0.0,test,436.0,0.0,532.0,421.0,417.0,489.2857142857143,464.60714285714283,196.1665958651809,206.60494765519132,161.24132805523524,2,1,1,0,98.17,98.17,98.87,1,0
2014-01-02,589.0,test,0.0,418.0,455.0,493.0,417.0,451.2857142857143,448.39285714285717,196.1665958651809,243.7326494247423,183.62125659360905,3,1,1,0,95.14,98.17,99.18,0,1
2014-01-03,474.0,test,589.0,419.0,441.0,454.0,441.42857142857144,460.85714285714283,459.9642857142857,206.67757267690888,246.50506536934935,181.8364104318227,4,1,1,0,93.66,95.14,99.94,0,1
2014-01-04,767.0,test,474.0,499.0,630.0,265.0,449.2857142857143,463.2142857142857,463.0357142857143,206.72825503198962,246.45835303397556,181.30136199828723,5,1,1,1,93.66,93.66,99.94,0,1
2014-01-05,1203.0,test,767.0,552.0,985.0,388.0,487.57142857142856,473.0,472.42857142857144,239.66285843719226,256.1204644453314,190.1014209956106,6,1,1,1,93.66,93.66,99.94,0,1
2014-01-06,399.0,test,1203.0,595.0,523.0,504.0,580.5714285714286,488.57142857142856,498.35714285714283,363.26613620634356,293.53697559925223,234.96496417877808,0,1,2,0,93.12,93.66,98.9,0,1
2014-01-07,498.0,test,399.0,436.0,365.0,477.0,552.5714285714286,479.7142857142857,499.10714285714283,369.4693749793331,294.2880401060337,234.5997914946052,1,1,2,0,93.31,93.12,98.17,0,1
2014-01-08,561.0,test,498.0,0.0,0.0,378.0,561.4285714285714,489.2142857142857,505.10714285714283,366.94361834976644,292.44096802640314,232.25119531418517,2,1,2,0,91.9,93.31,98.17,0,1
2014-01-09,239.0,test,561.0,589.0,418.0,330.0,641.5714285714286,529.2857142857143,507.0,273.1677489156052,256.4738488907497,232.49149725591334,3,1,2,0,91.36,91.9,95.14,0,1
2014-01-10,438.0,test,239.0,474.0,419.0,508.0,591.5714285714286,516.5,497.60714285714283,313.45486498210937,266.70604677175083,237.94962730013933,4,1,2,0,92.39,91.36,93.66,0,1
2014-01-11,619.0,test,438.0,767.0,499.0,502.0,586.4285714285714,517.8571428571429,500.14285714285717,315.99043083763223,266.2196482209776,236.8821732869827,5,1,2,1,92.39,92.39,93.66,0,1
2014-01-12,533.0,test,619.0,1203.0,552.0,367.0,565.2857142857143,526.4285714285714,502.7142857142857,306.7098054544471,267.49456192479994,237.798678802494,6,1,2,1,92.39,92.39,93.66,0,1
2014-01-13,443.0,test,533.0,399.0,595.0,547.0,469.57142857142856,525.0714285714286,499.57142857142856,125.60501203223934,267.4030275088132,236.7567009605758,0,1,3,0,91.45,92.39,93.12,0,1
2014-01-14,440.0,test,443.0,498.0,436.0,621.0,475.85714285714283,514.2142857142857,503.89285714285717,122.54853266009677,267.4311352253362,234.4889382664185,1,1,3,0,92.15,91.45,93.31,0,1
2014-01-15,360.0,test,440.0,561.0,0.0,322.0,467.57142857142856,514.5,501.89285714285717,122.76244966445964,267.34326824687963,234.79736563695295,2,1,3,0,93.78,92.15,91.9,0,1
2014-01-16,1168.0,test,360.0,239.0,589.0,496.0,438.85714285714283,540.2142857142857,495.75,120.75792392417196,228.5479847180484,236.2261353809885,3,1,3,0,93.54,93.78,91.36,0,1
2014-01-17,506.0,test,1168.0,438.0,474.0,532.0,571.5714285714286,581.5714285714286,521.2142857142857,275.65368196516516,283.77041486322764,267.967570888007,4,1,3,0,93.96,93.54,92.39,0,1
2014-01-18,720.0,test,506.0,619.0,767.0,455.0,581.2857142857143,583.8571428571429,523.5357142857143,271.3261962323299,282.96503103954166,267.52811996787364,5,1,3,1,93.96,93.96,92.39,0,1
2014-01-19,561.0,test,720.0,533.0,1203.0,441.0,595.7142857142857,580.5,526.75,276.30581745939554,280.896298959653,269.3888316033027,6,1,3,1,93.96,93.96,92.39,0,1
2014-01-20,391.0,test,561.0,443.0,399.0,630.0,599.7142857142857,534.6428571428571,511.60714285714283,275.4479468585153,216.46979080155805,254.16228984001467,0,1,4,0,93.96,93.96,91.45,0,1
2014-01-21,421.0,test,391.0,440.0,498.0,985.0,592.2857142857143,534.0714285714286,506.89285714285717,281.02355434240405,216.86559619540114,255.165355143696,1,1,4,0,94.51,93.96,92.15,0,1
2014-01-22,519.0,test,421.0,360.0,561.0,523.0,589.5714285714286,528.5714285714286,508.89285714285717,282.82553936001915,218.81840531704475,254.22975017298018,2,1,4,0,96.35,94.51,93.78,0,1
2014-01-23,231.0,test,519.0,1168.0,239.0,365.0,612.2857142857143,525.5714285714286,527.4285714285714,267.2724666488703,218.62743662211298,233.85614897346278,3,1,4,0,97.23,96.35,93.54,0,1
2014-01-24,263.0,test,231.0,506.0,438.0,0.0,478.42857142857144,525.0,520.75,152.61264379997803,219.4430011853437,239.69434626129512,4,1,4,0,96.66,97.23,93.96,0,1
2014-01-25,789.0,test,263.0,720.0,619.0,418.0,443.7142857142857,512.5,515.1785714285714,171.73498409440245,229.5322166092125,243.92273421013934,5,1,4,1,96.66,96.66,93.96,0,1
2014-01-26,698.0,test,789.0,561.0,533.0,419.0,453.57142857142856,524.6428571428571,525.5357142857143,191.12200042804844,239.86393807992224,249.30770547775296,6,1,4,1,96.66,96.66,93.96,0,1
2014-01-27,310.0,test,698.0,391.0,443.0,499.0,473.14285714285717,536.4285714285714,530.75,210.03525781118142,244.31842850160623,251.39972966189535,0,1,5,0,95.82,96.66,93.96,0,1
2014-01-28,332.0,test,310.0,421.0,440.0,552.0,461.57142857142856,526.9285714285714,520.5714285714286,217.416541185238,250.73230109658147,254.45299770749028,1,1,5,0,97.49,95.82,94.51,0,1
2014-01-29,405.0,test,332.0,519.0,360.0,595.0,448.85714285714283,519.2142857142857,516.8571428571429,222.72212026905356,255.23358187879842,256.48416517229094,2,1,5,0,97.34,97.49,96.35,0,1
2014-01-30,323.0,test,405.0,231.0,1168.0,436.0,432.57142857142856,522.4285714285714,531.3214285714286,220.89881329306772,253.35068862857156,236.93131581261775,3,1,5,0,98.25,97.34,97.23,0,1
2014-01-31,456.0,test,323.0,263.0,506.0,0.0,445.7142857142857,462.07142857142856,521.8214285714286,209.3415982596499,176.8164908275567,239.84779951297645,4,1,5,0,97.55,98.25,96.66,0,1
2014-02-01,732.0,test,456.0,789.0,720.0,589.0,473.2857142857143,458.5,521.1785714285714,193.36641753047851,176.3653332410618,240.0047921699696,5,2,5,1,97.55,97.55,96.66,0,1
2014-02-02,704.0,test,732.0,698.0,561.0,474.0,465.14285714285717,459.35714285714283,519.9285714285714,178.4828923374528,177.7576600720366,238.7650214117124,6,2,5,1,97.55,97.55,96.66,0,1
2014-02-03,395.0,test,704.0,310.0,391.0,767.0,466.0,469.57142857142856,502.10714285714283,179.79710787440357,187.86849503993858,201.6265964388986,0,2,6,0,96.44,97.55,95.82,0,1
2014-02-04,313.0,test,395.0,332.0,421.0,1203.0,478.14285714285717,469.85714285714283,501.9642857142857,170.11508709442202,187.74280981534986,201.70375823136305,1,2,6,0,97.24,96.44,97.49,0,1
2014-02-05,463.0,test,313.0,405.0,519.0,399.0,475.42857142857144,462.14285714285717,495.35714285714283,172.96324960605256,192.073646589754,204.84397211061156,2,2,6,0,97.4,97.24,97.34,0,1
2014-02-06,301.0,test,463.0,323.0,231.0,498.0,483.7142857142857,458.14285714285717,491.85714285714283,170.3972948589209,191.38035312027083,204.51780947275594,3,2,6,0,97.84,97.4,98.25,0,1
2014-02-07,289.0,test,301.0,456.0,263.0,561.0,480.57142857142856,463.14285714285717,494.07142857142856,174.01997695940634,185.82326472830496,201.9988867903741,4,2,6,0,99.98,97.84,97.55,0,1
2014-02-08,678.0,test,289.0,732.0,789.0,239.0,456.7142857142857,465.0,488.75,188.77209741353374,183.78792125708367,205.46363560385976,5,2,6,1,99.98,99.98,97.55,0,1
2014-02-09,731.0,test,678.0,704.0,698.0,438.0,449.0,457.07142857142856,490.85714285714283,176.34152469946844,170.66091629792786,207.1445575555096,6,2,6,1,99.98,99.98,97.55,0,1
2014-02-10,370.0,test,731.0,395.0,310.0,619.0,452.85714285714283,459.42857142857144,497.92857142857144,183.01769365412758,174.43081691636337,211.96015149104304,0,2,7,0,100.12,99.98,96.44,0,1
2014-02-11,440.0,test,370.0,313.0,332.0,533.0,449.2857142857143,463.7142857142857,495.32142857142856,184.5722209919593,171.18385463562876,213.1066597098704,1,2,7,0,99.96,100.12,97.24,0,1
2014-02-12,409.0,test,440.0,463.0,405.0,443.0,467.42857142857144,471.42857142857144,495.32142857142856,174.933184523746,167.1782624283774,213.1066597098704,2,2,7,0,100.38,99.96,97.4,0,1
2014-02-13,310.0,test,409.0,301.0,323.0,440.0,459.7142857142857,471.7142857142857,497.07142857142856,176.34598028280848,167.05937616558717,212.15332131746564,3,2,7,0,100.27,100.38,97.84,0,1
2014-02-14,258.0,test,310.0,289.0,456.0,360.0,461.0,470.7857142857143,466.42857142857144,175.0238079043341,167.98313952547485,169.2907708038605,4,2,7,0,100.31,100.27,99.98,0,1
2014-02-15,650.0,test,258.0,678.0,732.0,1168.0,456.57142857142856,456.64285714285717,457.57142857142856,180.41051072748587,177.39508584940134,173.57705697757083,5,2,7,1,100.31,100.31,99.98,0,1
2014-02-16,583.0,test,650.0,731.0,704.0,506.0,452.57142857142856,450.7857142857143,455.07142857142856,174.90936428415037,168.74704718621277,170.12716998837706,6,2,7,1,100.31,100.31,99.98,0,1
2014-02-17,506.0,test,583.0,370.0,395.0,720.0,431.42857142857144,442.14285714285717,455.85714285714283,141.37403951086256,157.5045089185396,170.68439888040206,0,2,8,0,100.31,100.31,100.12,0,1
2014-02-18,506.0,test,506.0,440.0,313.0,561.0,450.85714285714283,450.07142857142856,459.9642857142857,140.8692402802782,157.7424699096182,170.4494021029374,1,2,8,0,102.54,100.31,99.96,0,1
2014-02-19,392.0,test,506.0,409.0,463.0,391.0,460.2857142857143,463.85714285714283,463.0,142.22366690734472,153.21019103624477,170.48666723149893,2,2,8,0,103.46,102.54,100.38,0,1
2014-02-20,296.0,test,392.0,310.0,301.0,421.0,457.85714285714283,458.7857142857143,458.4642857142857,143.38576006869056,154.4111288194497,170.63096027150164,3,2,8,0,103.2,103.46,100.27,0,1
2014-02-21,393.0,test,296.0,258.0,289.0,519.0,455.85714285714283,458.42857142857144,460.7857142857143,145.8680094828064,154.8094184601054,167.8410529269261,4,2,8,0,102.53,103.2,100.31,0,1
2014-02-22,809.0,test,393.0,650.0,678.0,231.0,475.14285714285717,465.85714285714283,465.42857142857144,122.38249952699985,148.41721709313347,163.91945370085716,5,2,8,1,102.53,102.53,100.31,0,1
2014-02-23,714.0,test,809.0,583.0,731.0,263.0,497.85714285714283,475.2142857142857,466.14285714285717,166.90259491834195,165.91850574740155,165.41837290711769,6,2,8,1,102.53,102.53,100.31,0,1
2014-02-24,338.0,test,714.0,506.0,370.0,789.0,516.5714285714286,474.0,466.7142857142857,184.46124899542545,163.95308897552178,166.2743955128833,0,2,9,0,103.17,102.53,100.31,0,1
2014-02-25,453.0,test,338.0,506.0,440.0,698.0,492.57142857142856,471.7142857142857,467.7142857142857,196.59591140446517,165.72796457375026,165.378769998261,1,2,9,0,102.2,103.17,102.54,0,1
2014-02-26,388.0,test,453.0,392.0,409.0,310.0,485.0,472.64285714285717,472.0357142857143,197.01268994661214,165.57294796826287,163.26857721827076,2,2,9,0,102.93,102.2,103.46,0,1
2014-02-27,587.0,test,388.0,296.0,310.0,332.0,484.42857142857144,471.14285714285717,471.42857142857144,197.3329311450211,166.2874513711617,163.55844545411043,3,2,9,0,102.68,102.93,103.2,0,1
2014-02-28,346.0,test,587.0,393.0,258.0,405.0,526.0,490.92857142857144,480.85714285714283,180.9972375479802,162.0647849025027,162.28957071206048,4,2,9,0,102.88,102.68,102.53,0,1
2014-03-01,714.0,test,346.0,809.0,650.0,323.0,519.2857142857143,497.2142857142857,476.92857142857144,187.5079680846605,153.83316566053895,164.23333188359612,5,3,9,1,102.88,102.88,102.53,0,1
2014-03-02,410.0,test,714.0,714.0,583.0,456.0,505.7142857142857,501.7857142857143,476.2857142857143,165.14913894791593,159.5668071187297,163.23009370843238,6,3,9,1,102.88,102.88,102.53,0,1
2014-03-03,408.0,test,410.0,338.0,506.0,732.0,462.2857142857143,489.42857142857144,465.7857142857143,139.1770027527465,159.4923264542911,157.3910810082723,0,3,10,0,105.34,102.88,103.17,1,1
2014-03-04,648.0,test,408.0,453.0,506.0,704.0,472.2857142857143,482.42857142857144,466.25,131.03525516149466,160.85383440862083,157.19358789109123,1,3,10,0,103.64,105.34,102.2,1,1
2014-03-05,367.0,test,648.0,388.0,392.0,395.0,500.14285714285717,492.57142857142856,478.2142857142857,146.11231817957537,166.8208224808485,157.84482702321776,2,3,10,0,101.75,103.64,102.93,0,1
2014-03-06,492.0,test,367.0,587.0,296.0,313.0,497.14285714285717,490.7857142857143,474.7857142857143,148.9859373357414,168.10902074886647,159.2241274157999,3,3,10,0,101.82,101.75,102.68,0,1
2014-03-07,410.0,test,492.0,346.0,393.0,463.0,483.57142857142856,504.7857142857143,481.60714285714283,143.66843441625923,158.52792938660477,155.55214423697183,4,3,10,0,102.82,101.82,102.88,0,1
2014-03-08,572.0,test,410.0,714.0,809.0,301.0,492.7142857142857,506.0,485.92857142857144,135.24387143935468,157.66859108707914,151.63453348769815,5,3,10,1,102.82,102.82,102.88,0,1
2014-03-09,731.0,test,572.0,410.0,714.0,289.0,472.42857142857144,489.07142857142856,482.14285714285717,103.42768350052918,133.505093124232,147.93985621934735,6,3,10,1,102.82,102.82,102.88,0,1
2014-03-10,437.0,test,731.0,408.0,338.0,678.0,518.2857142857143,490.2857142857143,482.14285714285717,136.8852491270385,135.76644457496644,147.93985621934735,0,3,11,0,101.39,102.82,105.34,0,1
2014-03-11,509.0,test,437.0,648.0,453.0,731.0,522.4285714285714,497.35714285714283,484.5357142857143,133.38522799627782,129.66560966451468,146.59454846689133,1,3,11,0,100.29,101.39,103.64,0,1
2014-03-12,317.0,test,509.0,367.0,388.0,370.0,502.57142857142856,501.35714285714283,487.0,121.38211996673559,129.05431602048975,146.397986223754,2,3,11,0,98.29,100.29,101.75,0,1
2014-03-13,254.0,test,317.0,492.0,587.0,440.0,495.42857142857144,496.2857142857143,483.7142857142857,131.7204832753268,135.10476195640425,149.21867054833237,3,3,11,0,98.57,98.29,101.82,0,1
2014-03-14,243.0,test,254.0,410.0,346.0,409.0,461.42857142857144,472.5,481.7142857142857,160.35674514745435,146.71938155225743,151.9829076995316,4,3,11,0,99.23,98.57,102.82,0,1
2014-03-15,535.0,test,243.0,572.0,714.0,310.0,437.57142857142856,465.14285714285717,481.17857142857144,180.4474597058257,155.848968873397,152.82477343566222,5,3,11,1,99.23,99.23,102.82,0,1
2014-03-16,726.0,test,535.0,731.0,410.0,258.0,432.2857142857143,452.35714285714283,477.07142857142856,176.34881559541202,140.44358689132474,149.6316288042888,6,3,11,1,99.23,99.23,102.82,0,1
2014-03-17,285.0,test,726.0,437.0,408.0,650.0,431.57142857142856,474.92857142857144,482.17857142857144,174.94175901601915,157.47305717570768,155.6984391965895,0,3,12,0,98.43,99.23,101.39,0,1
2014-03-18,353.0,test,285.0,509.0,648.0,583.0,409.85714285714283,466.14285714285717,474.2857142857143,183.38523074975998,164.7570972641272,159.98862393420328,1,3,12,0,100.08,98.43,100.29,0,1
2014-03-19,346.0,test,353.0,317.0,367.0,506.0,387.57142857142856,445.07142857142856,468.82142857142856,178.74922577254858,158.45332449638295,161.47125729125005,2,3,12,0,100.71,100.08,98.29,0,1
2014-03-20,139.0,test,346.0,254.0,492.0,506.0,391.7142857142857,443.57142857142856,467.17857142857144,177.17008239326958,159.3461226801167,162.51246187462183,3,3,12,0,99.68,100.71,98.57,0,1
2014-03-21,456.0,test,139.0,243.0,410.0,392.0,375.2857142857143,418.35714285714283,461.57142857142856,196.3608194843647,177.93758937977586,171.11798584416906,4,3,12,0,99.97,99.68,99.23,0,1
2014-03-22,567.0,test,456.0,535.0,572.0,296.0,405.7142857142857,421.64285714285717,463.82142857142856,188.80299634426163,178.1959194658669,170.59635130730445,5,3,12,1,99.97,99.97,99.23,0,1
2014-03-23,603.0,test,567.0,726.0,731.0,393.0,410.2857142857143,421.2857142857143,455.17857142857144,192.80016795092428,177.87611443898837,158.1361470546541,6,3,12,1,99.97,99.97,99.23,0,1
2014-03-24,371.0,test,603.0,285.0,437.0,809.0,392.7142857142857,412.14285714285717,451.2142857142857,162.4466212695869,163.43564112888228,152.70556446308564,0,3,13,0,100.05,99.97,98.43,0,1
2014-03-25,392.0,test,371.0,353.0,509.0,714.0,405.0,407.42857142857144,452.39285714285717,156.06942899449115,163.61526837051625,151.9247716581678,1,3,13,0,99.66,100.05,100.08,0,1
2014-03-26,432.0,test,392.0,346.0,317.0,338.0,410.57142857142856,399.07142857142856,450.2142857142857,154.59286005812893,160.9952050340508,152.35250478507368,2,3,13,0,100.61,99.66,100.71,0,1
2014-03-27,328.0,test,432.0,139.0,254.0,453.0,422.85714285714283,407.2857142857143,451.7857142857143,152.00156640796848,159.4116242124957,151.91331766720214,3,3,13,0,101.25,100.61,99.68,0,1
2014-03-28,523.0,test,328.0,456.0,243.0,388.0,449.85714285714283,412.57142857142856,442.5357142857143,101.60942963365196,155.1067693239399,151.25903270067934,4,3,13,0,101.73,101.25,99.97,0,1
2014-03-29,647.0,test,523.0,567.0,535.0,587.0,459.42857142857144,432.57142857142856,448.85714285714283,105.37054797690038,149.51085079516633,150.77299942130736,5,3,13,1,101.73,101.73,99.97,0,1
2014-03-30,599.0,test,647.0,603.0,726.0,346.0,470.85714285714283,440.57142857142856,446.4642857142857,122.00741585579713,158.15946883578474,146.8908594949829,6,3,13,1,101.73,101.73,99.97,0,1
2014-03-31,415.0,test,599.0,371.0,285.0,714.0,470.2857142857143,431.5,453.2142857142857,121.29264100473966,143.49095388265363,149.4729895438463,0,3,14,0,101.57,101.73,100.05,0,1
